text,hate_pred,emotion_pred,date,latitude,longitude
Men however they identify do not experience the menopause.,sexism,anticipation,2022-10-01 10:03:53+00:00,51.5423045,-0.1395604
#WhiteHouse confirms #China stopped coop on anti-drug measures https://t.co/DDHuneLBq4 via @scmpnewsnnRemember #opiumwars #eightnationalliancenChina should flood #west with whatever #drugs in fashion now amp make tons n#WesternHypocracy,racism,anticipation,2022-10-01 14:49:06+00:00,51.4624292,-0.0101787
"The Husband will always cheat for Sex, the new relationship will always meaningless and worthless for him period ",sexism,sadness,2022-10-01 20:43:14+00:00,51.4570271,-0.1932607
I think men will forever watch cartoons,sexism,joy,2022-10-02 08:22:54+00:00,51.5156177,-0.0919983
"@RedpathAARON @_charleylouisew People believe that women arent good enough to drive F1 cars which is total BS, theyre just not given a chance.",sexism,anger,2022-10-02 09:35:25+00:00,51.4570271,-0.1932607
Damned bitches hijackedvmy account made me follow the dumbest bitch Ive ever seen unimaginable utter nonsense,sexism,anger,2022-10-02 11:54:19+00:00,51.4686132,-0.3613471
"@AlixFox @LondonMarathon Remember, most men have no fashion sense whatsoever.",sexism,sadness,2022-10-02 13:04:50+00:00,51.4745706,-0.0925416
@GoonerBlock Dirty yid scum  I can use that word because Im Jewish maybe the FA might look at this and give the ugly p...k the relevant punishment..,religion,anger,2022-10-02 16:00:46+00:00,51.542519299999995,-0.44833493117949663
what a retard https://t.co/81mNDJcM9C,disability,anger,2022-10-02 17:47:13+00:00,51.4920377,-0.2236401
Some girls swear they have good pum pum until they take off their panties and their pussy looks like bbl,sexism,disgust,2022-10-02 22:20:43+00:00,51.4745706,-0.0925416
"But as funny as it sounds, most women are not funny. They laugh at our jokes",sexism,joy,2022-10-03 01:45:14+00:00,51.4028046,0.0148142
@markstott123 Apparently females have dark stripes. My friend says,sexism,anticipation,2022-10-03 07:10:31+00:00,51.4624292,-0.0101787
Men are actually fucking trash https://t.co/7ilUNDxyDk,sexism,anger,2022-10-03 09:10:03+00:00,51.4745706,-0.0925416
"I want a girl with a short skirt and a long, long jacket https://t.co/FB9TCY5RU2",sexism,joy,2022-10-03 10:10:52+00:00,51.5073359,-0.12765
Women are not nice. https://t.co/k96YEpzunf,sexism,anger,2022-10-03 11:39:01+00:00,51.5110713,-0.0144629
@MaelJade_ @diannaeanderson @KatyMontgomerie Well known feminist take Child rearing is womens work,sexism,anticipation,2022-10-03 12:29:58+00:00,51.4952111,-0.1163354
@rosko99 @stephenhdg If signage is correct it will be a man who will have the license.,sexism,anticipation,2022-10-03 12:57:13+00:00,51.5073359,-0.12765
@halford_rosie She is a he - and until hes had the full op - he can stay out of womens toilets/bathrooms,sexism,anger,2022-10-03 15:04:48+00:00,51.5384287,-0.0999051
@EuropeanBob7 Or is it girls wearing hats ,sexism,anticipation,2022-10-03 15:24:44+00:00,51.3713049,-0.101957
when will men learn that they cant just let you know later i need prep time bb,sexism,anger,2022-10-03 16:19:39+00:00,51.5110713,-0.0144629
A girls got taste https://t.co/BG2EDIlfCa,sexism,joy,2022-10-03 18:13:57+00:00,51.4745706,-0.0925416
God forgive you Niggas https://t.co/hsT7rufRqs,racism,anger,2022-10-03 20:32:40+00:00,51.4686132,-0.3613471
"Screw feminism - pun intended What pun, Jenny I dont get it. #Corrie",sexism,anger,2022-10-03 21:51:58+00:00,51.3713049,-0.101957
"@j_samu3ls @LRomansNotebook @mercash22 @dunnpress1923 Womens , that is",sexism,joy,2022-10-03 21:54:49+00:00,51.4624292,-0.0101787
Just in case people needed reminding of how fucking weird Hong Kong is right now... https://t.co/JepdrNNOIz,racism,anger,2022-10-04 02:51:59+00:00,51.4613531,-0.3032767
What Men mean when they say they need a wife Material. Thread...,sexism,anticipation,2022-10-04 05:23:57+00:00,51.5423045,-0.1395604
A woman who has respect for her husband. https://t.co/xTO0qF0X27,sexism,optimism,2022-10-04 05:24:01+00:00,51.5423045,-0.1395604
A woman who can clean. https://t.co/EABm9Y3Xn6,sexism,optimism,2022-10-04 05:24:06+00:00,51.5423045,-0.1395604
A woman who can feed your animals and do gardening. https://t.co/Ya4NoMaQE7,sexism,joy,2022-10-04 05:24:12+00:00,51.5423045,-0.1395604
"@Rap Dope, I need a woman that I can print shirts for and have matching designs",sexism,anticipation,2022-10-04 07:24:38+00:00,51.5073359,-0.12765
Women talk stupid too. What is this  https://t.co/whidgpUZgW,sexism,anger,2022-10-04 09:47:28+00:00,51.4952111,-0.1163354
@EuphoriTori Men are too cute to be in heaven,sexism,joy,2022-10-04 09:54:14+00:00,51.5073359,-0.12765
"Men want to date a handful, until it actually comes to dating a handful ",sexism,joy,2022-10-04 11:07:04+00:00,51.5073359,-0.12765
Girls put everything on their stories except the man they went out with.,sexism,joy,2022-10-04 11:43:04+00:00,51.5073359,-0.12765
@Spiritofgaia0 @GBNEWS Only way to stop it is give them nothing.. But were led by Pussys,sexism,anger,2022-10-04 12:32:46+00:00,51.5384287,-0.0999051
Men who regularly post shirtless pics are fucking whores,sexism,anger,2022-10-04 12:46:59+00:00,51.5423045,-0.1395604
"@Bielsaball28 No, got to be when she comes out of the bedroom.",sexism,anticipation,2022-10-04 13:58:57+00:00,51.4570271,-0.1932607
@005e5n Please Lord let the females with this mentality stay far far away from me and friends.,sexism,anger,2022-10-04 16:26:52+00:00,51.4745706,-0.0925416
All women do is lie. https://t.co/kzrpZrQu2u,sexism,anger,2022-10-04 16:49:59+00:00,51.4920377,-0.2236401
Fight the real enemy. Fuck religion. https://t.co/eEMPkyDRAI,religion,anger,2022-10-04 17:43:34+00:00,51.4952111,-0.1163354
Pro tip: men are time wasters. Ignore them all.,sexism,anger,2022-10-04 18:58:25+00:00,51.5384287,-0.0999051
petition to ban men https://t.co/0v0nQsEZJb,sexism,anger,2022-10-04 19:55:34+00:00,51.5384287,-0.0999051
Female rappers confused about how talented they are,sexism,anticipation,2022-10-04 21:47:05+00:00,51.5423045,-0.1395604
@YeastyBoi11 TERFs just making up shit to get upset about,sexism,anger,2022-10-04 21:51:56+00:00,51.4613531,-0.3032767
Males under retirement age playing golf: ick,sexism,anger,2022-10-05 20:18:01+00:00,51.5423045,-0.1395604
@MikeBaggz OK homophobe,sexual_orientation,anger,2022-10-06 00:04:40+00:00,51.4624292,-0.0101787
Twat https://t.co/FsCfxRvw9Y,sexism,anger,2022-10-06 07:10:28+00:00,51.5384287,-0.0999051
Women team performances are so shit. Same old players with groups nothing else,sexism,anger,2022-10-06 08:01:20+00:00,51.542519299999995,-0.44833493117949663
When will a man rest,sexism,sadness,2022-10-06 18:24:58+00:00,51.5432402,-0.0493621
"Id use it on my bussy when shes out, AND my bussy squirts, HA Jokes on her. https://t.co/seqryZSYen",sexism,joy,2022-10-06 19:07:29+00:00,51.5432402,-0.0493621
I like ass and boobs but women are still not good people. https://t.co/337DZ2Yho8,sexism,anger,2022-10-06 21:42:21+00:00,51.3713049,-0.101957
Women have vaginas.,sexism,anticipation,2022-10-06 22:21:31+00:00,51.5423045,-0.1395604
Moral of the story : FEAR WOMEN,sexism,fear,2022-10-06 23:13:34+00:00,51.3713049,-0.101957
Women dey always get backup.,sexism,anticipation,2022-10-07 00:22:55+00:00,51.3713049,-0.101957
Women are always blaming men.,sexism,anger,2022-10-07 00:23:06+00:00,51.3713049,-0.101957
You go dey trust woman,sexism,optimism,2022-10-07 00:43:23+00:00,51.3713049,-0.101957
"Men always have this magnet of sticking a finger in a hole, no matter what the hole is.... https://t.co/j0HjdDqysK",sexism,disgust,2022-10-07 10:34:24+00:00,51.3713049,-0.101957
"@tcbtttc @YesWombat @SandPatterson @Fergie_Kate @Scot_Feminists I stand corrected, but it looks different on a woman.",sexism,anticipation,2022-10-07 11:50:12+00:00,51.5423045,-0.1395604
@ChrissySense Fuck me backwards. Ive seen some scummy racist bigoted tweets in my time but this is an all time great. You know Islam is a religion right Now get in the sea - its full of turds - youll be at home.,religion,anger,2022-10-07 13:42:08+00:00,51.4613531,-0.3032767
"Once again, FEAR WOMEN.",sexism,fear,2022-10-07 15:37:28+00:00,51.4952111,-0.1163354
Cue angry middle aged men moaning about female football commentators #ENGUSA #Lionesses https://t.co/YzanxG8iSl,sexism,anger,2022-10-07 18:37:27+00:00,51.5073359,-0.12765
women are trash,sexism,anger,2022-10-07 18:46:06+00:00,51.5110713,-0.0144629
@terifar333 @Louise00flour @Arun_S_Joshi @RichardJMurphy No no no shes male-orientated. Apparently goes through young SPADs like a dose of salts .,sexism,anticipation,2022-10-07 18:57:52+00:00,51.5154795,-0.175365
SYLPH Aliens call them wtf you like alls I know they are trillions of transparent tiny shape shifting Alien monsters swarming the whole solar system effecting every planet and moon in the solar system now you just cant see them with the nakid eyes use filters to see them https://t.co/J5AaTD3io6,racism,anger,2022-10-07 20:00:08+00:00,51.4745706,-0.0925416
@NabiyaKhan11 @priyankachopra FCK OFF ISLAMIST PREACHERnTake your oppressive hijab and sh0ve it up your Halul assh0le,religion,anger,2022-10-08 00:59:59+00:00,51.5073359,-0.12765
@AyaReina It just doesnt enter their heads we might not want a boy,sexism,anticipation,2022-10-08 09:36:36+00:00,51.5760462,0.1822646
"Wondering why most newish mattresses brands are female namesoh yeah,  probably same reasons as voice assistants do, sweet, is it #genderedworld",sexism,anticipation,2022-10-08 10:00:57+00:00,51.5073359,-0.12765
Not policing women but common gym etiquette. I would not wnna see a mans cheeks in front of me either when Im fighting for me life on the leg press machine. https://t.co/HVWJTUPpAT,sexism,anger,2022-10-08 11:01:48+00:00,51.4745706,-0.0925416
why is dressing like a total slut on halloween just a girl thing I think men should do that,sexism,anger,2022-10-08 13:13:39+00:00,51.4745706,-0.0925416
Oh but if I was a girl I would have been Suzanne https://t.co/RBoNf6IfBY,sexism,joy,2022-10-08 17:01:00+00:00,51.4570271,-0.1932607
@Rob_Kimbell Spot the females apart from the one imported appointment.,sexism,anticipation,2022-10-08 17:15:24+00:00,51.4028046,0.0148142
"@Stuzipants Vile. Wont say ladies, because they arent",sexism,anger,2022-10-08 17:22:06+00:00,51.542519299999995,-0.44833493117949663
You gotta lower your ideals of freedom if you wanna suck on the warm teat of China.,racism,anger,2022-10-08 17:51:47+00:00,51.4952111,-0.1163354
@DJG1951 @stonewines @deyabrewery @VerdantBrew Mrs G tells me to keep hydrated so whats a man to do ,sexism,joy,2022-10-08 18:13:59+00:00,51.65309,-0.2002261
@izzielarche @Shaun_Baker2012 @BethFisherSport Ive heard the its just fun or its just banter trumpeted from male supporters for so long. What I enjoy most playing amp watching football with other woman is just how positive we can be. Not grinding down our opponents but lifting up our teams amp our teammates,sexism,joy,2022-10-08 20:52:26+00:00,51.4745706,-0.0925416
Why is every girl on my fyp going copper Stay In your lane,sexism,anger,2022-10-09 00:58:41+00:00,51.5423045,-0.1395604
@wantsyouloved @JPN_PMO @sentdefender Not really when its funded by China and on the instruction of #XiJinping and the #CCPnn#XiJingping #xijinpin #CCPChina #CCPvirus #chinacoup #Taiwan,racism,disgust,2022-10-09 01:36:49+00:00,51.5073359,-0.12765
@wantsyouloved nNot really when its funded by China and on the instruction of #XiJinping and the #CCPnn#XiJingping #xijinpin #CCPChina #CCPvirus #chinacoup #Taiwan https://t.co/9Zctxk6TB7,racism,disgust,2022-10-09 01:37:37+00:00,51.5073359,-0.12765
@MetalDragon_CSY @wantsyouloved @JPN_PMO @sentdefender Not really when its funded by China and on the instruction of #XiJinping and the #CCPnn#XiJingping #xijinpin #CCPChina #CCPvirus #chinacoup #Taiwan,racism,disgust,2022-10-09 01:37:50+00:00,51.5073359,-0.12765
Not really when its funded by China and on the instruction of #XiJinping and the #CCPnn#XiJingping #xijinpin #CCPChina #CCPvirus #chinacoup #Taiwan https://t.co/2KbMdOjQsX,racism,disgust,2022-10-09 01:37:57+00:00,51.5073359,-0.12765
@chaiteawhatae @JPN_PMO Its probably being done on the instruction of #XiJinping and the China/#CCPnn#XiJingping #xijinpin #CCPChina #CCPvirus #chinacoup #Taiwan,racism,disgust,2022-10-09 01:39:03+00:00,51.5073359,-0.12765
@Fripi @Harriso54061469 @JPN_PMO Funny thing is... #NorthKorea is Chinas little pet lap dog... its funded by China and on the instruction of #XiJinping and the #CCPnn#XiJingping #xijinpin #CCPChina #CCPvirus #chinacoup #Taiwan,racism,joy,2022-10-09 01:40:55+00:00,51.5073359,-0.12765
@imnottristanp @JPN_PMO #NorthKorea is Chinas little pet lap dog... its funded by China and on the instruction of #XiJinping and the #CCPnn#XiJingping #xijinpin #CCPChina #CCPvirus #chinacoup #Taiwan,racism,disgust,2022-10-09 01:41:26+00:00,51.5073359,-0.12765
@arunningriot @JPN_PMO @IntelCrab Nope... actually #NorthKorea is Chinas little pet lap dog... its funded by China and on the instruction of #XiJinping and the #CCPnn#XiJingping #xijinpin #CCPChina #CCPvirus #chinacoup #Taiwan,racism,disgust,2022-10-09 01:42:16+00:00,51.5073359,-0.12765
#NorthKorea is Chinas little pet lap dog... ...those missiles theyve been launching... are funded by China and are going out on the instruction of #XiJinping and the #CCPnn#XiJingping #xijinpin #CCPChina #CCPvirus #chinacoup #Taiwan,racism,anger,2022-10-09 01:43:51+00:00,51.5073359,-0.12765
Open up yer bastards https://t.co/e3FZLRn8cf,racism,anger,2022-10-09 10:55:33+00:00,51.4952111,-0.1163354
Dont. Women are not good people. https://t.co/AW4tIRHBdx,sexism,sadness,2022-10-09 11:15:26+00:00,51.3713049,-0.101957
Men with goatees: why,sexism,disgust,2022-10-09 19:21:15+00:00,51.4686132,-0.3613471
Women dont deserve peace.,sexism,sadness,2022-10-09 21:30:54+00:00,51.3713049,-0.101957
@jemelehill F these Arsewipes whose ancestors were the worst kind of species to exist amp it still shows today. Black men are not good but white pirates who stole Black people bring them over to build the country they stole from another race are the good people amp Blacks are not seriously,racism,anger,2022-10-10 01:20:44+00:00,51.5073359,-0.12765
@93Matty24 Didnt Perry make a comment after the mankad in the England v India womens gameId only do it against England,sexism,anticipation,2022-10-10 08:49:03+00:00,51.5073359,-0.12765
I hope the females in his house kick him out and crank up the heating. https://t.co/I4XbKpWZdG,sexism,anger,2022-10-10 09:18:06+00:00,51.4570271,-0.1932607
small hint: the sexiest thing a man could do is invite me on a date via Google Calendar,sexism,joy,2022-10-10 10:56:04+00:00,51.5156177,-0.0919983
@stpaulswesthack @hughesdonjames @FrDidymus @dioceseoflondon @StMaryOfEton @stmatthewsbg @emmanuelnw6 Cracking idea ..a female dea,sexism,surprise,2022-10-10 12:53:18+00:00,51.5384287,-0.0999051
Men are so disappointing but unsurprising Im looking at you Rex Orange County you vile piece of shit,sexism,anger,2022-10-10 18:58:49+00:00,51.4952111,-0.1163354
@EuphoriTori Women are not allowed in this house and I am going out to dinner.,sexism,anger,2022-10-11 06:32:02+00:00,51.5073359,-0.12765
Fuck the times. Fuck terfs,religion,anger,2022-10-11 12:26:48+00:00,51.5110713,-0.0144629
@TomTalksCars Twat,sexism,anger,2022-10-11 17:02:36+00:00,51.4624292,-0.0101787
@newblueprint @ArchRose90 Or woman Reg .,sexism,anticipation,2022-10-11 20:25:35+00:00,51.4028046,0.0148142
"Spin it around a man, roll the opposite side, body him and then tuck it away is much more difficult",sexism,disgust,2022-10-11 20:54:15+00:00,51.4745706,-0.0925416
men dont want love,sexism,sadness,2022-10-11 21:19:38+00:00,51.4745706,-0.0925416
@Ex_arv_sgt These pussies will never dare try this in any other country.,sexism,anger,2022-10-11 21:29:43+00:00,51.65309,-0.2002261
@Darrrencanfield Yes a lot of Womens labidos go down whilst mens go sky high ,sexism,anticipation,2022-10-11 22:51:10+00:00,51.5760462,0.1822646
@Bruschetta_Boy If only she was female.,sexism,anticipation,2022-10-12 08:03:44+00:00,51.5423045,-0.1395604
Fear Women,sexism,fear,2022-10-12 10:03:37+00:00,51.3713049,-0.101957
@SajdaMughal Because women end up having to put their careers on the back burner when they have kids.,sexism,sadness,2022-10-12 10:42:55+00:00,51.4952111,-0.1163354
kim jong un serving cunt,sexism,anger,2022-10-12 13:50:30+00:00,51.5384287,-0.0999051
Why are men so easily confused by timingsnn#mantime #womanproblems,sexism,disgust,2022-10-12 14:01:03+00:00,51.5073359,-0.12765
@subject_beam @JamesDarcey98 @TreySparksX @livefreeordavid look up at men dot com,sexism,anticipation,2022-10-12 15:24:46+00:00,51.4570271,-0.1932607
@terrychristian Twat,sexism,anger,2022-10-12 15:46:07+00:00,51.5110713,-0.0144629
"@theJeremyVine @lizziecundy What ever happened to being a lady Isnt this something better Discovered than in some magazines, shes looking a bit desperate",sexism,disgust,2022-10-12 17:54:09+00:00,51.4624292,-0.0101787
"men love sports, women love contracting and suffering from urinary tract infections",sexism,joy,2022-10-12 22:10:33+00:00,51.5384287,-0.0999051
Low vibrational ass nigga https://t.co/xfOQbrDE9f,racism,anger,2022-10-12 22:16:46+00:00,51.65309,-0.2002261
@Ricaaduh Hello. WOMM,sexism,anticipation,2022-10-12 22:30:16+00:00,51.4745706,-0.0925416
When I say I hate men. I mean it this time,sexism,anger,2022-10-13 08:08:41+00:00,51.4570271,-0.1932607
Dirty practice of religion fucked up everything,religion,anger,2022-10-13 09:28:43+00:00,51.5073359,-0.12765
Bitches want me to take them winter wonderland but cant even act right through text messages,sexism,anger,2022-10-13 14:39:27+00:00,51.5073359,-0.12765
How do females have the ability to just burst out crying at any given second Its like a light switch. Anything can set them off too. Unreal talent,sexism,joy,2022-10-13 18:33:54+00:00,51.65309,-0.2002261
@MarvelADayProj Ive just met a girl named....,sexism,joy,2022-10-13 20:59:27+00:00,51.5432402,-0.0493621
"theres a female equivalent of every royal title- king, queen, prince, princess, duke, duchess, lord, lady etc does this mean royal aristocracy is feminist",sexism,disgust,2022-10-13 21:27:25+00:00,51.5156177,-0.0919983
@PrincessPinocch Twat,sexism,anger,2022-10-13 21:31:34+00:00,51.4745706,-0.0925416
Absolute cunts. https://t.co/LRIfcbpGoD,sexism,anger,2022-10-14 10:31:25+00:00,51.4952111,-0.1163354
Ebba Tove Elsa Nilsson put EVERYTHING into #DirtFemme,sexism,anticipation,2022-10-14 11:31:02+00:00,51.4920377,-0.2236401
Fucking Hippie Motherfffffuckers https://t.co/CQvqvNFxZQ,religion,anger,2022-10-14 12:54:14+00:00,51.5423045,-0.1395604
"@MejaFoss Decent cleavage. Always need to be in position to say to a man, Look at the face, not the",sexism,anticipation,2022-10-14 13:20:11+00:00,51.5423045,-0.1395604
Stop stepping on peoples toes/feet Brighton. Dirty southern bastards,racism,anger,2022-10-14 20:06:41+00:00,51.4686132,-0.3613471
Women have vaginas.,sexism,anticipation,2022-10-15 05:43:53+00:00,51.5423045,-0.1395604
Twat https://t.co/n9qHc9rPGi,sexism,anger,2022-10-15 05:53:46+00:00,51.5423045,-0.1395604
Men are not and will never be women.  Stop gaslighting us,sexism,anger,2022-10-15 06:11:13+00:00,51.5423045,-0.1395604
@TheTobbyBlaze @ms___dale Listen to her na.... The Babe won treat the Man Fup.,sexism,anger,2022-10-15 09:31:34+00:00,51.3713049,-0.101957
Twat https://t.co/P0P9zKHWmF,sexism,anger,2022-10-15 09:32:31+00:00,51.5423045,-0.1395604
After WOMEN fear EARLY KICK OFF ,sexism,disgust,2022-10-15 13:24:55+00:00,51.542519299999995,-0.44833493117949663
#SexPestTwitter  Female Card Special  I sometimes worry that Twitter will be the end of womens boxing  https://t.co/W6CekaAmNY,sexism,fear,2022-10-15 13:57:25+00:00,51.4745706,-0.0925416
Women are dangerous,sexism,disgust,2022-10-15 15:37:24+00:00,51.4745706,-0.0925416
@christianwolmar @JohnMul45354802 Shes not very feminine,sexism,sadness,2022-10-15 16:40:59+00:00,51.4613531,-0.3032767
@JustStop_Oil Ur all selfish twats,sexism,anger,2022-10-15 17:06:47+00:00,51.4613531,-0.3032767
Dont let a woman lead the way,sexism,optimism,2022-10-15 17:08:03+00:00,51.4745706,-0.0925416
"The senseless annual killing of dolphins in Taiji must end now. @JAPANinUK, stop the dolphin massacre for good #TaijiTerror #JapaneseKillingCove https://t.co/JvyL1JHxOY",racism,anger,2022-10-15 17:34:37+00:00,51.4028046,0.0148142
Group of girls come in the pub. Order individually wierd,sexism,disgust,2022-10-15 18:13:35+00:00,51.4028046,0.0148142
@EuropeanBob7 Imagine that head being forced out of her mothers snatch at birth Poor cunt.,sexism,anger,2022-10-15 18:33:49+00:00,51.4745706,-0.0925416
"The senseless annual killing of dolphins in Taiji must end now. @JAPANinUK, stop the dolphin massacre for good #TaijiTerror #JapaneseKillingCove https://t.co/JvyL1JquMY",racism,anger,2022-10-15 20:07:07+00:00,51.4028046,0.0148142
@cowell64807 I just cant get into womens boxing. It just doesnt feel right.,sexism,sadness,2022-10-15 22:06:54+00:00,51.4028046,0.0148142
Womens boxing gt YouTube boxing gt Mens boxing,sexism,joy,2022-10-15 22:21:58+00:00,51.4028046,0.0148142
@QPRSMALL Omg some fight that big up the ladies better than the men,sexism,anger,2022-10-15 22:23:29+00:00,51.4686132,-0.3613471
No longer with my girl. Eating dinner with a lady idk. This woman randomly goes you seem low. Your energy is low. Babe dont pmo ,sexism,sadness,2022-10-15 22:54:29+00:00,51.5154795,-0.175365
@ToveLo @SGLewis_ #pineappleslice the alleged leaked video snippet #DirtFemme https://t.co/hxCLlpBhb5,sexism,anticipation,2022-10-16 03:08:54+00:00,51.4952111,-0.1163354
@SaveYourSons An inability to understand how to balance and stabilise their male sex hormone Testosterone. If they did they would be doing all the things that would make a man happy,sexism,sadness,2022-10-16 07:45:04+00:00,51.65309,-0.2002261
"@TeresaDePelegri If you mean reality, I suspect some male customers are less threatened by a female voice. If you mean fiction, theres Arnies Terminator to add gender balance. Some male screenwriters may also have girl problems and find it easier to relate to a fake perfect girl.",sexism,anticipation,2022-10-16 09:02:03+00:00,51.65309,-0.2002261
@Faith__Stephen_ I dont trust women.,sexism,disgust,2022-10-16 09:38:37+00:00,51.3713049,-0.101957
The primates in the jungle that is the rest of the world could seriously ruin the garden of Eden that is Europe. Cant build a wall high enough so man up and shear up https://t.co/rpG6DPVp3b,racism,anger,2022-10-16 10:38:12+00:00,51.5423045,-0.1395604
Women love communication in relationships so theyll know where not to go with their other men .,sexism,optimism,2022-10-16 11:54:29+00:00,51.3713049,-0.101957
@emeraldgemeni @KMcDill @MumOfTw0 Men should grow up,sexism,anger,2022-10-16 12:33:44+00:00,51.5110713,-0.0144629
Why are these bastard Newcastle mans faking rolling around What is this Play like men ffs #MUNNEW,sexism,anger,2022-10-16 13:30:31+00:00,51.4952111,-0.1163354
Women cant even host a successful space,sexism,disgust,2022-10-16 15:08:53+00:00,51.3713049,-0.101957
Why you go say Men are scum ,sexism,anger,2022-10-16 15:54:11+00:00,51.3713049,-0.101957
"E reach women time ,una dey talk emotional intelligence",sexism,anticipation,2022-10-16 16:24:53+00:00,51.3713049,-0.101957
Women no sabi banter at all,sexism,anger,2022-10-16 16:25:06+00:00,51.3713049,-0.101957
Ufuoma no sabi handle banter space . LMAO. Women are poor in this banter business.,sexism,joy,2022-10-16 16:27:23+00:00,51.3713049,-0.101957
"@livelih00d @mammafem @Damcrazywoman @maggiefn_Ghost @redlianak Ive seen men is womans toilets most commonly establishment staff, cleaners, workmen, sometime gay male friends but most commonly Ive seen woman go into the guys as the queue in the ladies is too long and theyre desperate. Are these woman criminals of-course not",sexism,anger,2022-10-16 18:20:34+00:00,51.5110713,-0.0144629
@GitmoGinni @EricMMatheny Maybe if the Chinese government wasnt creating a new bio weapon we wouldnt be here. Your mask and vaccines will stop nothing. A vaccine that doesnt stop you from getting or spreading is not worth much,racism,anger,2022-10-16 18:36:39+00:00,51.5110713,-0.0144629
Women are ungrateful,sexism,sadness,2022-10-16 19:19:48+00:00,51.3713049,-0.101957
The PRC gov is not trustworthy. Even with basic things. I met with a group of Chinese health professionals once and told them I wanted no one from the Chinese gov. The translator however was from the embassy. I know because I met her when she arrived in the UK years earlier,racism,disgust,2022-10-16 22:24:56+00:00,51.5073359,-0.12765
"@TabethaWatching May be a stand against a misogynistic regime, but ultimately grammatically incorrect .. ",sexism,anger,2022-10-16 22:44:21+00:00,51.5110713,-0.0144629
DONT TEST ME BITCH MA PATIENCE BE TWINNING WITH YO NIGGA DICK.,racism,anger,2022-10-16 23:18:35+00:00,51.5760462,0.1822646
Guyyyyyy. Men just sabi cruise https://t.co/Ylz580L2dI,sexism,disgust,2022-10-17 00:29:42+00:00,51.3713049,-0.101957
Women are not good people. I keep saying it. https://t.co/bIOtxy7isT,sexism,anger,2022-10-17 09:10:05+00:00,51.3713049,-0.101957
DO NOT FALL IN LOVE. Its a SCAM that women use to trap men and show you pepper later .,sexism,anger,2022-10-17 09:11:33+00:00,51.3713049,-0.101957
@TransAstolfo @giddyupbill @McDonalds Should also add Ive had plenty of comments on here from apparently male accounts with strange ideas of what female players get up to in dressing rooms.,sexism,anger,2022-10-17 14:26:50+00:00,51.4613531,-0.3032767
@iseult Nice question.  Too subtle for men to understand...,sexism,joy,2022-10-17 15:25:51+00:00,51.5423045,-0.1395604
"@elonmusk @starrski71 @RenataKonkoly @EvaFoxU @kadubai11 @spideycyp_155 Imperialism should leave planet earth forever. We shouldnt be afraid of nuke threats and we as humanity should stand up against imperialism. nnThere is no development, no growth where imperialism lies. Majority of people are degradating in this.",racism,anger,2022-10-17 15:29:17+00:00,51.65309,-0.2002261
"@Humbug_McHumbug @truemagic68 Female Cameron, PR bod no substance.",sexism,disgust,2022-10-17 17:18:29+00:00,51.5073359,-0.12765
"For example, 70% of the worlds poorest people are women and girls. On top of that, our decisions, mobilities, social networks, access to finance are controlled and not the same level of access that men have.",sexism,disgust,2022-10-17 18:28:24+00:00,51.5073359,-0.12765
@iUsedToBeADuck women are so much more comfortable in their own house,sexism,joy,2022-10-17 19:29:02+00:00,51.5432402,-0.0493621
Mens business https://t.co/3CKsIPJTrI,sexism,anticipation,2022-10-18 12:14:24+00:00,51.5384287,-0.0999051
@ammaralijan @labourblackrose All based on hyper exploitation of the w/c. China has adopted the worst of western capitalism and kept the worst of Stalinism,racism,disgust,2022-10-18 12:20:36+00:00,51.4624292,-0.0101787
Nobody smokes more than a woman with a kid,sexism,sadness,2022-10-18 14:20:48+00:00,51.5154795,-0.175365
Avoid Women. We all got gifted hands. https://t.co/vIl0CfoTEC,sexism,anger,2022-10-18 14:40:44+00:00,51.5073359,-0.12765
Bet you didnt know that the Royal Navy derogatory term for a Chinese Laundryman back in Hong Kong was Chogie. May aswell call them niggers. It is a poorly thought-through slight. Outright racism which inadvertently backfires as an insult to Chinese folk. Youve outdone yself.,racism,anger,2022-10-18 16:04:28+00:00,51.5110713,-0.0144629
Why womans mess with my heart soo much,sexism,sadness,2022-10-18 19:06:06+00:00,51.4952111,-0.1163354
Just answered Im female Id tell in a Twitter poll.,sexism,anticipation,2022-10-18 19:39:08+00:00,51.4745706,-0.0925416
SYLPH Aliens swarming dumb twats head https://t.co/rop6wneaqg,sexism,anger,2022-10-18 22:11:20+00:00,51.4745706,-0.0925416
@BalogunAgbede @TheAthleticUK Bless your retarded brain,disability,anger,2022-10-18 22:28:23+00:00,51.5156177,-0.0919983
a relationship should be 50/50 i do all her work and chores for her and she lets me sit next to her and look at her,sexism,joy,2022-10-19 07:50:37+00:00,51.5423045,-0.1395604
"Na guys dey kiss, no issue. Why man go dey kiss woman . E no dey hear say women wicked https://t.co/ANWvgvZPFA",sexism,anger,2022-10-19 08:22:36+00:00,51.5073359,-0.12765
Twat. https://t.co/sUasuqSZoz,sexism,anger,2022-10-19 08:47:17+00:00,51.4624292,-0.0101787
Women rambling on about the new world order should really be shut down by @LBC shes just peddling lies and conspiracies,sexism,anger,2022-10-19 08:56:54+00:00,51.4952111,-0.1163354
@anon_opin Anyone  women.,sexism,anticipation,2022-10-19 09:01:44+00:00,51.4745706,-0.0925416
@njjea @cccammy1 Dont date blondes.,sexism,anticipation,2022-10-19 09:48:35+00:00,51.4028046,0.0148142
Prolly running away from a womans wickedness https://t.co/bmkyP542Ti,sexism,optimism,2022-10-19 10:00:13+00:00,51.3713049,-0.101957
@jupiter_rad_2 Woman,sexism,joy,2022-10-19 12:11:32+00:00,51.5073359,-0.12765
@CroneInAMillion Going be messy. Stand Worse than men.,sexism,anger,2022-10-19 12:49:32+00:00,51.4952111,-0.1163354
@TiceRichard What planet are these yuppie dickheads on,racism,anger,2022-10-19 13:26:12+00:00,51.5760462,0.1822646
London is not a place for a girl to be cutting around on her own.,sexism,disgust,2022-10-19 17:42:36+00:00,51.65309,-0.2002261
This is a mans issue https://t.co/zMAXlWOKSc,sexism,anger,2022-10-19 18:46:31+00:00,51.4624292,-0.0101787
Men are just disappointment,sexism,sadness,2022-10-19 22:12:01+00:00,51.4952111,-0.1163354
I am too old to be watching #unapologetic on #channel4. #sidechick defined by 2 types Say what. What is a male sidekick called,sexism,disgust,2022-10-19 22:39:41+00:00,51.5432402,-0.0493621
Men dont cheat. This is cap . https://t.co/WxAze0y78D,sexism,anger,2022-10-19 22:43:46+00:00,51.3713049,-0.101957
Just another boring old misogynist.  Twat https://t.co/vLWe3jfrUu,sexism,anger,2022-10-20 07:10:54+00:00,51.5423045,-0.1395604
@PolisLoizou Literally an empty lil china head,racism,sadness,2022-10-20 08:26:42+00:00,51.5423045,-0.1395604
@TomOliverMoore @Keir_Starmer @UKLabour But self ID is a problem for most women,sexism,sadness,2022-10-20 08:28:26+00:00,51.5110713,-0.0144629
@st_pax @fem_mb @PGHosp They have the same rights in UK as everyone else. The Equality Act allows for female-only care/services and PG is a Womens hospital.,sexism,optimism,2022-10-20 11:00:06+00:00,51.4686132,-0.3613471
Woman do not in fact run the world https://t.co/MVHYAqZtye,sexism,disgust,2022-10-20 12:42:22+00:00,51.5384287,-0.0999051
women love things that last six weeks,sexism,joy,2022-10-20 13:21:41+00:00,51.5384287,-0.0999051
@PitchWorldWoman @DeborahMeaden Would peppa be the first female allowed to do th8s one,sexism,anticipation,2022-10-20 13:42:03+00:00,51.4745706,-0.0925416
"@E_J8one @CrazyNana1974 @ReemDepp Cold, cold women be cold",sexism,sadness,2022-10-20 14:28:55+00:00,51.5384287,-0.0999051
@P_Salasya  AM GOD FEARING WOMAN REASY TO SETTLE NOTE1.VERY WELL EDUCATED 2.Financially stable 3.well traveled,sexism,fear,2022-10-20 21:26:29+00:00,51.5110713,-0.0144629
"It pains when dating a girl amp later find out she is the girl of the people, by the people amp for the people. ",sexism,sadness,2022-10-21 08:35:48+00:00,51.542519299999995,-0.44833493117949663
vigilante shit was written for geminis,sexism,anger,2022-10-21 09:10:16+00:00,51.4952111,-0.1163354
Niggas die everyday B,racism,anger,2022-10-21 09:27:35+00:00,51.4624292,-0.0101787
"@VikingSlaveGirl Also vanity, in a man. For me, anyway.",sexism,optimism,2022-10-21 09:55:54+00:00,51.4952111,-0.1163354
@Odyne_LaFee I need a woman with big.....,sexism,anticipation,2022-10-21 13:01:39+00:00,51.65309,-0.2002261
The twats are out tonight,sexism,anger,2022-10-21 17:00:06+00:00,51.3713049,-0.101957
Women are women unless they are men.,sexism,anticipation,2022-10-21 19:48:27+00:00,51.5423045,-0.1395604
@thegemsons @LukeCarey1881 bald cant,disability,sadness,2022-10-21 19:57:58+00:00,51.542519299999995,-0.44833493117949663
When i have a smear i would only expect a women to perform it.  This is me at my most vulnerable snd i would refuse a man however they identify.,sexism,disgust,2022-10-21 20:32:29+00:00,51.5423045,-0.1395604
"@kierancuddihy A bit misogynist, its probably a man. The women get blamed for everything ",sexism,anger,2022-10-21 20:44:56+00:00,51.542519299999995,-0.44833493117949663
"@rob11335577 @Life_InA_Moment No, a woman.",sexism,anticipation,2022-10-21 22:32:53+00:00,51.5110713,-0.0144629
Men used to build and hunt,sexism,disgust,2022-10-21 23:13:56+00:00,51.3713049,-0.101957
Mental note: never ever EVER get on this girls bad side  https://t.co/S4hpCA1tZR,sexism,anger,2022-10-21 23:55:08+00:00,51.5073359,-0.12765
@AndiAbides @ScreamingWh0re @IzzyKamikaze Females... lol https://t.co/U9EvKf0vs3,sexism,joy,2022-10-22 07:28:47+00:00,51.4028046,0.0148142
@jocelynhurndall The hatred spewing out of Islamism is really one the vile elements of this religion.,religion,anger,2022-10-22 14:47:17+00:00,51.542519299999995,-0.44833493117949663
"I hope he fucking des, stupid cunt",sexism,anger,2022-10-22 18:11:45+00:00,51.4745706,-0.0925416
"Xi is demonstrating his arbitrary power. The #China we dealing with is a totalitarian state. The 2020s are going to be a rough time. We need to upgrade our defences, turf Chinese companies out of our economy, and pursue technological dominance in every sector... https://t.co/2HThVsZ5m7",racism,anger,2022-10-22 20:16:25+00:00,51.4745706,-0.0925416
"Ha, wait until she meets the feminist man  https://t.co/6hcnvJ6SpR",sexism,anticipation,2022-10-23 02:47:42+00:00,51.5432402,-0.0493621
"@fifisyms The ego of the woman is hideous.  I have always subscribed to the theory that you might get the thing you have always desired, but once you get it you are tested and your weaknesses are revealed",sexism,anger,2022-10-23 07:01:55+00:00,51.4920377,-0.2236401
Women dont like spending their money. Spend that 500 today https://t.co/CSJ311sh0D,sexism,anger,2022-10-23 10:51:13+00:00,51.3713049,-0.101957
"@_RaufM Bruh when them niggas crumble, THEY CRUMBLE",racism,anger,2022-10-23 13:14:21+00:00,51.5432402,-0.0493621
@ChineseEmbinUK China does not want to go back to the days of Mao tsi tong but this President seems hell bent on bringing them back. He must be stopped if that is the case he has aready made sure he cannot be challenged but he can and will be,racism,anger,2022-10-23 20:37:33+00:00,51.65309,-0.2002261
Twat https://t.co/Q3Oye6K2fh,sexism,anger,2022-10-23 20:53:58+00:00,51.4745706,-0.0925416
Men put their penis in any bitches mouth as if people dont bite,sexism,anger,2022-10-23 22:38:37+00:00,51.542519299999995,-0.44833493117949663
@Annewittycomb @francesbarber13 No . We are maximising the female experience. Making it matter as much as a mans.,sexism,optimism,2022-10-24 00:26:10+00:00,51.65309,-0.2002261
The one time Femi gets it right... https://t.co/8Tnr6AcFRk,sexism,anticipation,2022-10-24 10:05:39+00:00,51.5073359,-0.12765
@Beautyluv007 Get a man. Its more sustainable and wont add to your energy bills.,sexism,optimism,2022-10-24 10:53:33+00:00,51.542519299999995,-0.44833493117949663
Rating golfers as women  https://t.co/A8nnXCfTF8,sexism,joy,2022-10-24 15:01:34+00:00,51.4570271,-0.1932607
A woman can tell a lot about a guy by the size of his carbon footprint.,sexism,anticipation,2022-10-24 18:42:44+00:00,51.3713049,-0.101957
@sophielouisecc Cunts.,sexism,anger,2022-10-24 20:40:01+00:00,51.65309,-0.2002261
@SJayH95 A girl in my gym today.. spent more time on selfies than lifting anything,sexism,joy,2022-10-24 21:23:30+00:00,51.5073359,-0.12765
Whats a female penis https://t.co/OOMW6f7tqq,sexism,anticipation,2022-10-25 07:17:14+00:00,51.5384287,-0.0999051
@61harpy @LarryCat4PM @wilder_harriet If youve got a cxck attached your a male.... https://t.co/UOHF5gXdXM,sexism,joy,2022-10-25 08:36:39+00:00,51.4920377,-0.2236401
Point where u dumb Niggaz probably deserve it,racism,anger,2022-10-25 17:45:41+00:00,51.4952111,-0.1163354
@ElectricKnocker The most normal thing a girl can do ,sexism,joy,2022-10-25 19:10:16+00:00,51.4686132,-0.3613471
Men vs boys,sexism,anticipation,2022-10-25 19:13:19+00:00,51.542519299999995,-0.44833493117949663
"Absolutely Horrific brutality against our pets, our faithful friends, our intelligent superhuman beings, #DOGS #Shame on #China Stop lying about Culture Its gangsters making money by stealing #DOGS and torturing live dogs to death #EVIL May they rot in Hell for their crimes https://t.co/9YUnW2t5mK",racism,anger,2022-10-25 20:32:23+00:00,51.542519299999995,-0.44833493117949663
@Plush_bears Poor little babies thank you for saving them from Hell on Earth for our friends amp family members #DOGS are not #Food  #BanYulin #ShameonChina,racism,anger,2022-10-25 20:36:54+00:00,51.542519299999995,-0.44833493117949663
@mpcmurph Twat.,sexism,anger,2022-10-25 23:35:43+00:00,51.3713049,-0.101957
@historyinmemes Why does everyone assume its a malenIn most animal societies females do all the work.,sexism,disgust,2022-10-26 03:14:37+00:00,51.5423045,-0.1395604
"Thank you Ian, I look forward to meeting you in Washington next month as we bring this most prescient tragedy to the people of AmericannWorld leaders can no longer hide behind the cash and favours doled out by the CCP for their silence and complicity in this human rights tragedy https://t.co/RHECaP1H8O",racism,anger,2022-10-26 05:54:27+00:00,51.5073359,-0.12765
@DavidLammy Now @UKLabour needs a woman as their leader,sexism,anticipation,2022-10-26 06:14:00+00:00,51.5110713,-0.0144629
"@belindawills @lottebettsdean Im also intrigued by the position of the kaputte Haare thing. As a feminist, am i supposed to be dyeing my leg hair to the point of destruction",sexism,disgust,2022-10-26 06:35:03+00:00,51.4745706,-0.0925416
"@gojkoadzic Definitely sounds female to me. Young adult, but thats perhaps because what theyre reading isnt particularly childish.",sexism,anticipation,2022-10-26 08:39:25+00:00,51.4624292,-0.0101787
@LionsgateUK Wouldnt it be Brava feminine,sexism,anticipation,2022-10-26 12:38:12+00:00,51.5384287,-0.0999051
I reject this panglossian depiction of the cotton harvest by the CCP spindoctor-in-chief that omits the human slavery and child-workers. nnThats why @uyghurcongress are taking the UK government to court for its failure to stop #Uyghur forced-labour cotton from our stores. 1/2 https://t.co/RDUXTv5TOJ,racism,anger,2022-10-26 13:22:21+00:00,51.4745706,-0.0925416
Men are not and will never be women.,sexism,anger,2022-10-26 20:14:40+00:00,51.5423045,-0.1395604
@SpokespersonCHN How much concrete has China used in the past decade How are those  really rare Dolphins that were in the way The Beijing smog levels. The CCP will not beat covid but nature will.,racism,disgust,2022-10-26 20:33:34+00:00,51.4570271,-0.1932607
@mikey_esquire Overweight Women Admit They Arent Attracted To Plus-Sized Men. Better,sexism,disgust,2022-10-26 20:36:20+00:00,51.3713049,-0.101957
"Mens deodorant has you smellin like batteries after like an hour, womens products are ELITE https://t.co/lwL4wGL2Y2",sexism,joy,2022-10-27 11:09:12+00:00,51.5432402,-0.0493621
the sluttiest thing a man can wear is an oversized carhartt t shirt,sexism,sadness,2022-10-27 11:24:07+00:00,51.5384287,-0.0999051
@TalkTV Cunts,sexism,anger,2022-10-27 14:27:43+00:00,51.65309,-0.2002261
"its 2022, almost 2023 and people still think that women work out, go to the gym/do any form of physical exercise solely for aesthetic reasons..",sexism,disgust,2022-10-27 16:53:02+00:00,51.4952111,-0.1163354
"1st rule of girl code, we dont talk about Jerry",sexism,anger,2022-10-27 18:13:25+00:00,51.5384287,-0.0999051
Ive never felt like I ever have encroached into a female space until I went to a true crime podcast live recording,sexism,anticipation,2022-10-27 18:36:58+00:00,51.5073359,-0.12765
Cats are such wankers. https://t.co/W2TQQqc1pN,sexism,anger,2022-10-28 03:15:16+00:00,51.4028046,0.0148142
"@MiadoesTweets @wartranslated Ramzans guiding principle: a woman for duty, a boy for pleasure, but a goat for ecstasy.",sexism,joy,2022-10-28 08:56:50+00:00,51.4686132,-0.3613471
@ThomasR47881130 @LeoKearse @BTPBerks On behalf of all females.,sexism,joy,2022-10-28 11:47:48+00:00,51.5110713,-0.0144629
"Womens mist effective weapon to vent their agression is lies, gossip and defamation  they far too dangerous",sexism,anger,2022-10-28 11:55:35+00:00,51.4686132,-0.3613471
@runawaygirl248 Mans Best friend or shall I say womans Best Paw,sexism,joy,2022-10-28 14:00:36+00:00,51.5423045,-0.1395604
@AnthonySpurlo12 Somethings a girl never tells ,sexism,optimism,2022-10-28 16:02:02+00:00,51.5154795,-0.175365
"@michaelblackcab Im not a fan of Chinese, especially after what they did in Wuhan, the little rascals.",racism,anger,2022-10-28 17:26:04+00:00,51.5073359,-0.12765
"@ken4rd Filthy, men are too passive sometimes. Our nature works against us sometimes",sexism,sadness,2022-10-28 17:33:56+00:00,51.5432402,-0.0493621
@JoJoFromJerz Why are all the Russian bots female,sexism,anger,2022-10-28 18:37:27+00:00,51.5154795,-0.175365
"@salltweets Humans born as male, should not be allowed in female toilets. This is basic people, really really basic stuff.",sexism,anger,2022-10-28 20:01:19+00:00,51.4624292,-0.0101787
A wife is better than a friend.,sexism,optimism,2022-10-28 22:51:46+00:00,51.65309,-0.2002261
@k16_natita Japanese hide their terrible past and create fake history. It is not the US forcing Japan to not to mention about atomic bombs dropped in Hiroshima and Nagasaki. Japanese right wing doesnt want what Japan did during the WW II. Japan is controlled by political clans such as Abe.,racism,disgust,2022-10-29 02:02:32+00:00,51.5154795,-0.175365
@stephenhdg @journeymanstev1 I was a keen motorcyclist in my teens amp 20s. I regret it now as its the biggest turn off for women after a beer gut amp man boobs,sexism,sadness,2022-10-29 03:41:07+00:00,51.5384287,-0.0999051
Some women are so damn weird bro.,sexism,anger,2022-10-29 04:34:00+00:00,51.4745706,-0.0925416
@bencooI Twat,sexism,anger,2022-10-29 11:00:39+00:00,51.5073359,-0.12765
@millihill Guess they mean trying to impregnate Psychology is interesting: women exists only as a subset of the man.,sexism,anticipation,2022-10-29 13:24:06+00:00,51.4745706,-0.0925416
@JillTowers @cjcheesecake If only men could read the signs https://t.co/SaN4ExW8IH,sexism,disgust,2022-10-29 14:40:14+00:00,51.5156177,-0.0919983
LOOOOOOOOOOOOOOOOOOOL Niggas are too funny https://t.co/yJTq84Afb2,racism,joy,2022-10-29 16:26:41+00:00,51.5432402,-0.0493621
We thank God they got you Niggas out https://t.co/lQ7yTT9lBX,racism,anger,2022-10-29 17:52:22+00:00,51.5432402,-0.0493621
Men should stop wearing grey sweatpants. Its a sin,sexism,anger,2022-10-29 19:56:38+00:00,51.4952111,-0.1163354
@RoadsideMum @HelenAshby72 Its not Old Testament. Jews dont have heaven or hell. That vicar is just a piece of trash.,religion,anger,2022-10-29 19:57:14+00:00,51.4686132,-0.3613471
men be lying about their height like i lie about my age,sexism,anger,2022-10-30 03:56:30+00:00,51.4745706,-0.0925416
@judi_sutherland @RoryStewartUK @RestIsPolitics Depending on if they are in boy or girl mode,sexism,anticipation,2022-10-30 06:49:50+00:00,51.5110713,-0.0144629
Fucking love men but gotta say they are really jarring.,sexism,anger,2022-10-30 09:40:50+00:00,51.5432402,-0.0493621
@TranPanTrashcan @nyx_nyx_nyx_666 A few of us had use male toilets at football last season as womens single toilet was unavailable. The stench in there was unbearable. Next time Id rather piss behind a bush,sexism,anger,2022-10-30 10:34:15+00:00,51.4745706,-0.0925416
@drewrhyde @voodoodoyou Faggot,sexual_orientation,anger,2022-10-30 11:50:37+00:00,51.5110713,-0.0144629
Women are not good people,sexism,anger,2022-10-30 12:02:13+00:00,51.3713049,-0.101957
Women dont forget things. Theyre very dangerous.,sexism,fear,2022-10-30 12:04:54+00:00,51.3713049,-0.101957
@EtonOldBoys Why do men always leave the toilet seat up ,sexism,disgust,2022-10-30 12:50:35+00:00,51.4613531,-0.3032767
I have gotten called out several times for being in the mens room Thats 100% a lie. Ive been to concerts and other events where women use the mens as the queues too long and we do not give a shit if you need to piss go piss. https://t.co/9wD0he090f,sexism,anger,2022-10-30 17:29:28+00:00,51.4686132,-0.3613471
@MsGrumpyUpNorth The woman is not natural and never has been...when she pops her clogs her body will fall to pieces.,sexism,sadness,2022-10-30 20:52:42+00:00,51.4745706,-0.0925416
Men tweeting about football is worse than me tweeting about Love Island two years ago,sexism,anger,2022-10-30 21:21:50+00:00,51.4952111,-0.1163354
@Alice_Tzu @Divinadecampo Males do not experience mental trauma as they are incapable of doing so https://t.co/vfVmrUOCZU,sexism,sadness,2022-10-31 09:53:31+00:00,51.4570271,-0.1932607
@Bellaaderonke Women are not good people,sexism,anger,2022-10-31 10:37:45+00:00,51.3713049,-0.101957
men are actual bastards Im back to hating them,sexism,anger,2022-10-31 13:12:45+00:00,51.5073359,-0.12765
Im going to start saying my balls exploded when I see a hot girl. https://t.co/H2EBS4eyQi,sexism,anticipation,2022-10-31 13:54:21+00:00,51.5423045,-0.1395604
Bitches be shopping https://t.co/3VL2kA6INU,sexism,anger,2022-10-31 14:39:19+00:00,51.5073359,-0.12765
"Women who fight for their man, need their heads checking, no surprise its a Ratchet giving it the big cheese. https://t.co/jTnn3KRCog",sexism,anger,2022-10-31 17:11:45+00:00,51.5073359,-0.12765
@MichelleDewbs   Please raise the pollution by China .  Without them signing up to COP its a total waste of time -  the whole net zero nonsense.   China needs to part of every net zero discussion and wasteful demonstration.,racism,anger,2022-10-31 18:36:36+00:00,51.542519299999995,-0.44833493117949663
Ive been sentenced to death for slaying these basic bitches too hard @ London Eye https://t.co/iblaiWCISd,sexism,anger,2022-10-31 18:54:03+00:00,51.4952111,-0.1163354
@ArchRose90 Chris Tousi sounds better and less feminine,sexism,anticipation,2022-10-31 20:42:16+00:00,51.5073359,-0.12765
Fuck TERFs  https://t.co/vOKCIO5QU6,sexism,anger,2022-10-31 22:25:33+00:00,51.5073359,-0.12765
Girls say goodnight to you then spend the next hour on tik tok,sexism,joy,2022-11-01 06:51:11+00:00,51.5760462,0.1822646
"almost just died at paddington, men are weird sometimes x",sexism,sadness,2022-11-01 12:18:06+00:00,51.5154795,-0.175365
They put pork in everything man Im just trying to eat out here why the FUCK everything gotta have pig in it can we not have ONE sandwich without swine,racism,anger,2022-11-01 13:33:20+00:00,51.5423045,-0.1395604
Nahhh Bitches Be Weird Af ,sexism,anger,2022-11-02 00:09:40+00:00,51.5073359,-0.12765
Its almost like investing in womens sports works  https://t.co/k8m11Y8Jsc,sexism,anticipation,2022-11-02 09:29:55+00:00,51.4624292,-0.0101787
"Fam Aint this the truth. Men are wicked, ooo https://t.co/bgRQR9CBwQ",sexism,anger,2022-11-02 10:30:27+00:00,51.4952111,-0.1163354
"@RileyGaines @coachblade So, bike racer, not good enough to compete and win against men,  changed to womens team.nCoward.",sexism,anger,2022-11-02 14:26:07+00:00,51.5423045,-0.1395604
@MsFoyin The poison of a woman has no effect on a King,sexism,anger,2022-11-02 18:35:05+00:00,51.3713049,-0.101957
Only girl in the kitchen.,sexism,anticipation,2022-11-02 21:50:46+00:00,51.4745706,-0.0925416
SICKENING LYING PIECE OF SHIT - IF YOU 2 HAD ALBANIAN GANG MEMBERS IN THE HOUSE YOU 2 WONT BE ABLE TO TELL THE STORY THE NEXT DAY BISMILLAH TO THAT - TERRIBLE PEOPLE - SHOCKING ALBANIANS ARE HONEST GREAT PEOPLE - THESE TYPES OF BIGOTRY AND islamophobia NEEDS TO STOP  https://t.co/LjlVIHQKO4,religion,anger,2022-11-02 22:09:18+00:00,51.4570271,-0.1932607
@SilverstoneUK I dont tend to seek out guys in a pub To be honest I look for the girls theyre better drivers  @AbbiPulling @JamieChadwick,sexism,anticipation,2022-11-02 23:31:50+00:00,51.542519299999995,-0.44833493117949663
Women are not good people.,sexism,anger,2022-11-03 11:32:57+00:00,51.3713049,-0.101957
Women are not good people. https://t.co/NAXi0t1y4k,sexism,anger,2022-11-03 13:27:54+00:00,51.3713049,-0.101957
Can I get a woman that cooks regularly Please and thank you,sexism,anticipation,2022-11-03 14:35:25+00:00,51.4745706,-0.0925416
I cant listen to the twat on talksport ,sexism,anger,2022-11-03 22:09:44+00:00,51.5760462,0.1822646
"@christianIarson @KelseaBallerini @MarenMorris Country radio needs to keep its quota of 90% bro. Cant have mediocre men losing out, can they ",sexism,anger,2022-11-04 07:40:08+00:00,51.65309,-0.2002261
@Danielaah_92 @worldofwomennft @SyronaE @kashviETH Are there still spaces left for a female founder to join,sexism,anticipation,2022-11-04 12:34:11+00:00,51.4745706,-0.0925416
Feminist Foreign Policy What She wont/cant describe a #Woman as an Adult Human Female #WomenWontWeesht https://t.co/Dy9QUQffNE,sexism,anger,2022-11-04 15:51:48+00:00,51.542519299999995,-0.44833493117949663
@timesscotland #FeministPolicy Sweden dropped it. Sturgeon is way behind the curve,sexism,disgust,2022-11-04 16:00:27+00:00,51.542519299999995,-0.44833493117949663
@EMF_01 @European_DGI @EMF_01 seems like strategy works to attract questions with female GIFS https://t.co/T3BQFwrGIO,sexism,anticipation,2022-11-04 18:27:03+00:00,51.5154795,-0.175365
I hate men,sexism,anger,2022-11-04 19:22:56+00:00,51.542519299999995,-0.44833493117949663
@SoySimpsonitoMX Hell Satans,religion,anger,2022-11-04 20:36:43+00:00,51.5110713,-0.0144629
"@JaneJohnsonBakr @EmergMedDr Being honest, I did not know that. And I think the public has no idea of this. Repeated infections by Covid, which attacks the cardiovascular system, is a public health crisis.nThe Chinese are determined to suppress this virus. What do they know which we do not",racism,fear,2022-11-05 00:14:39+00:00,51.4952111,-0.1163354
Men who shout smile at women while theyre running - get in the bin.,sexism,anger,2022-11-05 10:06:33+00:00,51.4624292,-0.0101787
@I2ationaL Bring smoke to a Muslim you could end up in hell forever. Why take the risk,religion,disgust,2022-11-05 11:04:31+00:00,51.4686132,-0.3613471
@Cobisback bunch of twats,sexism,anger,2022-11-05 13:19:35+00:00,51.4952111,-0.1163354
@TobleroneFrank The real problem in the world is actress pay scale vs mens,sexism,disgust,2022-11-05 15:13:24+00:00,51.4624292,-0.0101787
Why do men die earlier https://t.co/bXfia4NJRv,sexism,sadness,2022-11-05 16:10:55+00:00,51.4920377,-0.2236401
"Resting btch faces @ London, United Kingdom https://t.co/Q59YTpZbvK",sexism,anger,2022-11-05 18:14:05+00:00,51.5156177,-0.0919983
Who else thinks @ShirleyBallas looks like a womble in her outfit @bbcstrictly,sexism,anticipation,2022-11-05 19:10:28+00:00,51.542519299999995,-0.44833493117949663
Ready to shwet my disco tits off for miss tuvayloo #DirtFemmeTour  https://t.co/MHuVYsMY3j,sexism,joy,2022-11-05 19:24:54+00:00,51.5073359,-0.12765
About to see tove lo perform dirt femme.. yeah its over for you @pitchfork,sexism,anticipation,2022-11-05 19:33:35+00:00,51.5110713,-0.0144629
Evil rapist scum.  Rot in jail you evil evil bastards. https://t.co/hrEMhKDbdS,religion,anger,2022-11-05 21:15:46+00:00,51.5423045,-0.1395604
@Pops__o Now this is one of many reasons why women are better than men. Cooler and do it better.,sexism,optimism,2022-11-05 21:24:01+00:00,51.4028046,0.0148142
Men can be horny animals but never let women get in their way. They can also be monopolistic and get want what they get when a guy falls to his knees.,sexism,anger,2022-11-05 22:09:11+00:00,51.4028046,0.0148142
@cfcjb_ Twat prob wants free tickets,sexism,anger,2022-11-05 22:49:09+00:00,51.4686132,-0.3613471
@afcMitchell Fam Ill suck any female on my approach,sexism,anger,2022-11-05 23:35:27+00:00,51.4028046,0.0148142
@afcMitchell Females are breading,sexism,anger,2022-11-06 00:01:46+00:00,51.4028046,0.0148142
Men will buy shoes for 8k but not a face wash,sexism,disgust,2022-11-06 06:40:18+00:00,51.5760462,0.1822646
Tattooed women belong in prison,sexism,anger,2022-11-06 06:50:40+00:00,51.5423045,-0.1395604
@SophiaCannon That is quite horrific Good god people men do better,sexism,fear,2022-11-06 09:00:56+00:00,51.4624292,-0.0101787
twat https://t.co/BseNMzSoXq,sexism,anger,2022-11-06 11:37:14+00:00,51.4920377,-0.2236401
Love beating those cunts.,sexism,anger,2022-11-06 14:27:28+00:00,51.4920377,-0.2236401
@SeasonDeeper mine was a girls word make up and hair.,sexism,joy,2022-11-06 16:56:40+00:00,51.4570271,-0.1932607
Islamic terror should be rooted out by Muslims themselves as it destroys humanity itself https://t.co/p0U6ULPFda,religion,fear,2022-11-06 20:06:33+00:00,51.4686132,-0.3613471
men will always disappoint,sexism,anger,2022-11-06 21:31:52+00:00,51.5110713,-0.0144629
This is why girls win euros and men dont  #imaceleb,sexism,joy,2022-11-06 21:44:48+00:00,51.5073359,-0.12765
@CoreySherrif @pritipatel @BorisJohnson @Conservatives Its a fault of the British government who trusted communist Chinas promises. Basically nobody should trust words of communists. Its time for the British government to learn about communists China amp act as a responsible former colonial power for the disasters it couldnt stop.,racism,anger,2022-11-06 23:41:07+00:00,51.5154795,-0.175365
This is why religion and I will never be friends. They allow this bigotry in their name  https://t.co/mM8cNKkcTi,religion,anger,2022-11-07 00:30:01+00:00,51.4952111,-0.1163354
@iAmComputer__ Do men dance more than women in clubs,sexism,anticipation,2022-11-07 11:21:25+00:00,51.5154795,-0.175365
@icarunesaftrdrk I will never understand men,sexism,disgust,2022-11-07 11:37:43+00:00,51.542519299999995,-0.44833493117949663
"Urgh, Frage fan girls are weird. Shudders closes Twitter",sexism,fear,2022-11-07 14:25:27+00:00,51.4952111,-0.1163354
@ValentineParrot bloody atheists...,religion,anger,2022-11-07 14:59:49+00:00,51.5156177,-0.0919983
@Annette1Hardy @yasminelse @JustStop_Oil evil twats,sexism,anger,2022-11-07 17:13:51+00:00,51.4686132,-0.3613471
@FaetheRye @AlbaPartyTime Most gynos are now women. Look at the stats.,sexism,anticipation,2022-11-07 17:21:41+00:00,51.4686132,-0.3613471
@anon_opin Totally fair comment. Let them eat cak.,religion,anger,2022-11-07 20:27:49+00:00,51.5073359,-0.12765
@_david_ho_ Climate change is a man made problem that will be solved by feminism . This will involve men because feminism is about equality  Mary Robinson,sexism,optimism,2022-11-07 23:17:31+00:00,51.5384287,-0.0999051
"How socialism ends. China/Russia, murder millions of your own people then fuck up the world with the threat of nuclear war and historic pollution. What a monumental delusion. And they want it here. https://t.co/nDMnxSvGjs",racism,anger,2022-11-08 02:36:11+00:00,51.5423045,-0.1395604
"As a lady in this group, you should at least have two guys.",sexism,anger,2022-11-08 09:33:15+00:00,51.5760462,0.1822646
"As a man, if you dont have 2-3 ladies here. You are doing something wrong",sexism,anger,2022-11-08 11:59:31+00:00,51.5760462,0.1822646
The polish people are next level confused coz how can she say shes not racist but next sentence she racist lol smh its easy to expose under covers and respect to the racists who dont hide and backtrack their hatred snakes get chopped of https://t.co/dwlIFXa9Mc,racism,anger,2022-11-08 12:40:18+00:00,51.4570271,-0.1932607
When comes to dating Ill take a Queen over a Masculine Guy any day Yall are good for sex but toxic Af.n,sexism,joy,2022-11-08 19:45:14+00:00,51.5073359,-0.12765
Knight falls on his own sword. Twat. https://t.co/lwWSJF3Lz8,sexism,anger,2022-11-08 20:20:29+00:00,51.4570271,-0.1932607
Twatty-bye https://t.co/sQMp3x8o5p,sexism,sadness,2022-11-08 20:21:57+00:00,51.5423045,-0.1395604
Constant forehead kisses is a tool men use to absorb all the sense in our brain. Stay safe girlies ,sexism,fear,2022-11-08 22:06:14+00:00,51.5384287,-0.0999051
@stevekrenzel @elonmusk @YouTube @FoxNews @AP @GOPn@JLonThanks Steve. Lets be blunt: Tik Tok is used by the CCP to spy on unaware users This is a MAJOR VIOLATION of their rights to PRIVACY. Were boycotting Tik Tok to hopefully convince the CCP to stop their erroneous spying tacticsn@china https://t.co/IhO1vN4zmX,racism,anger,2022-11-09 08:23:31+00:00,51.5156177,-0.0919983
@TalkTV Stupid woman - shoot her down,sexism,anger,2022-11-09 09:06:22+00:00,51.5760462,0.1822646
@AFC_HymnSheet twat,sexism,anger,2022-11-09 15:12:26+00:00,51.5432402,-0.0493621
@JustStop_Oil You f off and stop this stupid cult,religion,anger,2022-11-09 18:13:57+00:00,51.4745706,-0.0925416
You understand that men actually are more desperate for papers and do crazier things for papers than women . https://t.co/H45SLLSWtU,sexism,disgust,2022-11-09 18:17:41+00:00,51.3713049,-0.101957
some of the gals on here make me feel poorly,sexism,sadness,2022-11-09 18:35:22+00:00,51.4570271,-0.1932607
"Wild accusation, and all because 1.4bn Chinese all refused the option of buying a third rate pillow from a raving maniac. https://t.co/tjV0ZIrWtE https://t.co/holYUgVogw",racism,anger,2022-11-09 18:55:15+00:00,51.5073359,-0.12765
just saw a neon sign reading act like a lady think like a queen,sexism,joy,2022-11-10 19:38:06+00:00,51.4570271,-0.1932607
"Da fucks wrong with Russia, imagine sending someone to the gulag for carrying some weed vapes smh",racism,anger,2022-11-10 20:00:06+00:00,51.4570271,-0.1932607
@Sillyshib Speaking as a man folk .no chance,sexism,sadness,2022-11-10 23:47:35+00:00,51.4028046,0.0148142
@libsoftiktok Maybe she should quit her position and work as a bin man we need more women in that sector so the term can become bin-person.,sexism,anticipation,2022-11-11 11:13:00+00:00,51.4952111,-0.1163354
Penis Twat,sexism,anger,2022-11-11 16:03:48+00:00,51.4952111,-0.1163354
I genuinely cant take female commentators and presenters on everything https://t.co/LTkuCwlGJE,sexism,anger,2022-11-11 20:28:32+00:00,51.4745706,-0.0925416
I think Bavette is a really pretty name for a girl.,sexism,joy,2022-11-11 21:56:36+00:00,51.5384287,-0.0999051
How come  so much of womens clothing doesnt have functional pockets Inside pockets on jackets for a start,sexism,disgust,2022-11-11 22:53:55+00:00,51.65309,-0.2002261
"@KeithNHumphreys @J_Bloodworth Genetic instability XX is more stable than XY. Female genes have a backup, male genes dont.",sexism,sadness,2022-11-12 10:54:04+00:00,51.5423045,-0.1395604
@ButtonsBertie @starbuckssue Always a ladies paw,sexism,joy,2022-11-12 14:02:33+00:00,51.3713049,-0.101957
@georgiebingham Dont put all the blame on mat HancocknThe Chinese had a lot to do with it with there dirty eating habits or have you for goten thatnAnd what about monkey.pox thats down to nEating habits nMat made mistakes. It s called for giveniss,racism,anger,2022-11-12 14:57:21+00:00,51.5432402,-0.0493621
"@CarolineRussell @CouldBeKel @GreenPartyWomen @TheGreenParty @BrightGrn Shouldnt inclusive feminists include men If not, why not Serious question.",sexism,anger,2022-11-12 16:43:44+00:00,51.4952111,-0.1163354
@BeatTheCult No way a woman builds an entire planet in just a week.,sexism,anticipation,2022-11-12 17:17:59+00:00,51.4745706,-0.0925416
"@JayReeves87 Random just imagining that twats thought process. Ummm I see a bald man and I wish to be obnoxious.  I gotta think fast ANDREW TATE rides on yes, that was the level of twat I was going for this will soothe my feelings as my life is terrible",sexism,anger,2022-11-12 17:54:21+00:00,51.3713049,-0.101957
Is ass donation a thing bc me and my gf agree I got way too much cake for a guy,sexism,joy,2022-11-12 18:04:30+00:00,51.4624292,-0.0101787
Moment a tweet goes left for a girl they start begging empathy ,sexism,anger,2022-11-13 06:44:30+00:00,51.4686132,-0.3613471
No man is an island,sexism,optimism,2022-11-13 06:54:41+00:00,51.65309,-0.2002261
Girls dont want boys girls want big coat,sexism,anticipation,2022-11-13 09:47:57+00:00,51.4570271,-0.1932607
@Matt_MYano @Davies_EL @katherineprice @SianElvin I went to a girls state school in Camden and the idea of calling anyone by their surname would have been laughed out of the school. Warwick on the other hand.,sexism,joy,2022-11-13 12:04:38+00:00,51.5110713,-0.0144629
"Twat #Spaniel #CockerSpaniel @ London, United Kingdom https://t.co/J4aA9Hxb08",sexism,anger,2022-11-13 13:26:52+00:00,51.5156177,-0.0919983
@PamTaubMD Its da wife thats responsible,sexism,disgust,2022-11-13 19:39:18+00:00,51.542519299999995,-0.44833493117949663
@PaulEmbery Women with willies.,sexism,disgust,2022-11-13 21:41:21+00:00,51.4613531,-0.3032767
@TheJessieKirk Do girl stuff,sexism,joy,2022-11-13 21:45:14+00:00,51.65309,-0.2002261
Is it possible to retire from being a womaniser,sexism,anticipation,2022-11-14 00:40:46+00:00,51.4686132,-0.3613471
Sometimes I feel like I make poor choices cause I let my vagina think for me,sexism,sadness,2022-11-14 01:01:51+00:00,51.4028046,0.0148142
@mtskullcrusher @tmsilverman Is this the argument to abolish female sports altogether,sexism,anger,2022-11-14 01:12:21+00:00,51.5110713,-0.0144629
@dukat291 @SDLovell @JasonWhitely @wfaa Bit sexist,sexism,anger,2022-11-14 06:34:04+00:00,51.5384287,-0.0999051
@CelestialRobin We often dont see the things in our own faces that others see. Used to think I had a big nose but then some female friends told me no its petite amp feminine.,sexism,anticipation,2022-11-14 09:59:12+00:00,51.4745706,-0.0925416
theres no stronger relationship then a girl with her comfort character,sexism,joy,2022-11-14 10:56:28+00:00,51.4745706,-0.0925416
@Richmondpoku65 @OfficerLamptey These type of ladies always want to depend on  men for survival . They are very useless ,sexism,disgust,2022-11-14 11:27:30+00:00,51.542519299999995,-0.44833493117949663
Why cant women ever let me eat in peace Smh,sexism,disgust,2022-11-14 13:21:50+00:00,51.5073359,-0.12765
Disgusting and depraved. The free world must chase these reprobates to the gates of Hell as that is where they shall reside. https://t.co/ZEaUSW1Pdo,religion,anger,2022-11-14 13:51:38+00:00,51.5073359,-0.12765
@RoseFashion191 Men. Next question,sexism,anticipation,2022-11-14 16:26:56+00:00,51.4952111,-0.1163354
Random but who makes nice gardening gloves in womens sizes Ty.,sexism,anticipation,2022-11-14 16:58:46+00:00,51.4952111,-0.1163354
@mussbefit I keep telling my female friends they need to carry and not hesitate to use it,sexism,anticipation,2022-11-14 17:24:00+00:00,51.65309,-0.2002261
@speakoutsister Since women can obviously do everything else.,sexism,anticipation,2022-11-14 17:44:28+00:00,51.4952111,-0.1163354
@Councillorsuzie @jeanniejuno Disgusting  how can a medical person not know the difference the working of females biology.,sexism,anger,2022-11-14 21:05:29+00:00,51.4028046,0.0148142
"@zanskar1961 @speakoutsister No women looks a bit mannish. Except to you, perhaps",sexism,disgust,2022-11-14 22:11:22+00:00,51.4952111,-0.1163354
"@sophielouisecc Is there no end to your wisdom Actually, men playing ice-hockey have three periods in each game,",sexism,anticipation,2022-11-14 22:14:59+00:00,51.4613531,-0.3032767
"@G_evier @Naija_PR Yes, they will get tired of it and men never get tired of paying bills.",sexism,sadness,2022-11-14 23:47:34+00:00,51.4745706,-0.0925416
"@G_evier @Naija_PR Men has destined to be responsible, but not same with women. Men can never complain of feeding his family but women can.  Men can marry unemployed lady as wife, taking care of her for many years without a single complain.",sexism,anticipation,2022-11-14 23:52:53+00:00,51.4745706,-0.0925416
@NoContextBrits Twat,sexism,anger,2022-11-15 00:03:50+00:00,51.4624292,-0.0101787
@G_evier @Naija_PR Have you ever seen any man complaining over paying or bills,sexism,disgust,2022-11-15 00:07:45+00:00,51.4745706,-0.0925416
@LilahSturges @SloaneFragment Welcome to my world. 6 1 amp I get more looks when I use the disabled toilets than when I use the womens. Have occasionally had abuse when playing football but its always been from men who care zero for womens sport beyond sitting in front of the TV with a Kleenex in hand.,sexism,anger,2022-11-15 10:49:02+00:00,51.4952111,-0.1163354
Ye olde glue sniffing cat killin nigga,racism,anger,2022-11-15 12:00:54+00:00,51.5384287,-0.0999051
@JohnSimpsonNews Women will get rid of them,sexism,anger,2022-11-15 14:16:49+00:00,51.4952111,-0.1163354
@bitginger @TheatreSpoonie @speakoutsister Because power resides in violence. Men are more capable at violence.,sexism,anger,2022-11-15 16:38:47+00:00,51.4952111,-0.1163354
"@GBNEWS Matt did not kill people,  the Chinese, WEF, and the Americans did, by developing covid in a Wuhan lab.",racism,anger,2022-11-15 17:02:47+00:00,51.4745706,-0.0925416
How females be on the phone https://t.co/3aemF5popb,sexism,joy,2022-11-15 19:07:47+00:00,51.5073359,-0.12765
"Israelies are the worst people ever, they will receive the worst because they are genocides and are building a massive KARMA. https://t.co/Gv8yBuawKr",religion,anger,2022-11-15 19:09:37+00:00,51.4952111,-0.1163354
@_hisnameisjavi theymi lovfaggto swept the afterparty toilet,sexual_orientation,disgust,2022-11-15 20:14:12+00:00,51.5432402,-0.0493621
@NoContextBrits Twat,sexism,anger,2022-11-15 20:32:16+00:00,51.65309,-0.2002261
Im so sick and tired of men being in charge of the world. They always cock everything up. #elephantintheroom #nato #russia #ukraine,sexism,anger,2022-11-16 03:38:20+00:00,51.4570271,-0.1932607
@RishiSunak https://t.co/fVoFjftzE2 No please no more deals with him.All our British crafts/ businesses are in Chinese hands. please no more. Bring them back into British hands. Allour age old stores gone to china and India our econ destroyed.,racism,disgust,2022-11-16 07:02:24+00:00,51.65309,-0.2002261
"@ToastedVideo @MickeyDee43 @speakoutsister No, less likely to than men. Intentionally or otherwise.",sexism,anticipation,2022-11-16 08:00:58+00:00,51.4952111,-0.1163354
THE GREEN FUCKING CREW NECK SHUT THE FUCK UP https://t.co/dcXJCfrry5,racism,anger,2022-11-16 08:40:53+00:00,51.65309,-0.2002261
@TheFamousArtBR I think the one on the left may be a biological female...,sexism,anticipation,2022-11-16 14:15:38+00:00,51.5423045,-0.1395604
How to Have Sex With a Fat Girl https://t.co/r5GQwOmHhC via @vice,sexism,anticipation,2022-11-17 09:44:12+00:00,51.5384287,-0.0999051
Women are born not worn https://t.co/VrgMK87dcw,sexism,sadness,2022-11-17 11:49:20+00:00,51.5154795,-0.175365
@IrradiatedMouse Thought her motto was women should stay in the kitchen and look after the kids,sexism,anticipation,2022-11-17 12:29:00+00:00,51.5423045,-0.1395604
@superkrispydj @kizletwiggle It does tend to just all happen at the end rather fast. Which is ironic for a sport mostly featuring men right,sexism,disgust,2022-11-17 17:16:47+00:00,51.5423045,-0.1395604
That  last question cannot be answered yet cos in the next 4 years femi will do the same https://t.co/hKJ19HNHPg,sexism,anticipation,2022-11-17 18:53:46+00:00,51.5760462,0.1822646
@NjQy9D5Hh5gAAec @amit_segln arrogant,disability,anger,2022-11-17 23:24:49+00:00,51.65309,-0.2002261
Bougie caddisfly larva https://t.co/jfcyP7MuF4,sexism,joy,2022-11-18 02:56:30+00:00,51.5432402,-0.0493621
@Motorsport Wont it also be easier for males to drive so therefore increase the competition this making it even harder for women,sexism,anticipation,2022-11-18 09:54:27+00:00,51.5110713,-0.0144629
@Football__Tweet Messed up his career because of a girl,sexism,anger,2022-11-18 13:22:33+00:00,51.65309,-0.2002261
Men are people born not worn.,sexism,disgust,2022-11-18 22:00:37+00:00,51.5423045,-0.1395604
People like #MattHanock more than female journalists #CharleneWhite #imacelebrity #eviction,sexism,anticipation,2022-11-18 22:38:21+00:00,51.5110713,-0.0144629
@Lizmac03021945 @BennuInspace @salltweets Define feminine - last time I check its subjective. Their gender is not for you to label.,sexism,anger,2022-11-18 23:04:42+00:00,51.542519299999995,-0.44833493117949663
"@Lizmac03021945 @BennuInspace @salltweets No presumption, if you class yourself as female, pronoun would be she. Non binary, they, male, he quite simple.",sexism,anticipation,2022-11-18 23:10:37+00:00,51.542519299999995,-0.44833493117949663
@highonmomos Girls be like that no worries,sexism,optimism,2022-11-19 01:20:42+00:00,51.5432402,-0.0493621
Some girls need to realise that fucking anything with a pulse is needy and pathetic. Just shows how easy you are ,sexism,anger,2022-11-19 04:42:18+00:00,51.4686132,-0.3613471
@karmak47661319 Quick question... Do girls need to fuck a guy a few times to tell if they actually like them or not hmm,sexism,anticipation,2022-11-19 07:08:17+00:00,51.4686132,-0.3613471
@GreenRedSonja @JolyonMaugham Is it mainly boys behaviour I ask because I live next door to a private girls school and their behaviour is impeccable.,sexism,anticipation,2022-11-19 09:01:11+00:00,51.4570271,-0.1932607
"@justinlondonjp 50% of Gods are women, because Gods exclusively live in our heads",sexism,optimism,2022-11-19 09:12:23+00:00,51.4624292,-0.0101787
@FIFAWorldCup we understand that politics should be kept out of sport but how many times can we keep turning our backs on these countries that cause harm to others under the banner of religion. Religion is worth nothing if it preaches cruelty,religion,anger,2022-11-19 15:45:33+00:00,51.65309,-0.2002261
"@RepMTG  sic those jewish space lazers on him, you absolute ",religion,anger,2022-11-19 18:50:54+00:00,51.4745706,-0.0925416
2 twats on the pitch,sexism,anger,2022-11-19 19:23:06+00:00,51.5384287,-0.0999051
@CoachMacUK Because there is something called envy and women like to express it more than men. The harsh truth.,sexism,anger,2022-11-19 21:01:53+00:00,51.4745706,-0.0925416
@twice_never I think the individual defines whether they consider themselves to be a woman or not.,sexism,anticipation,2022-11-19 22:18:16+00:00,51.5110713,-0.0144629
Didnt yall enslave or otherwise subjugate half the damn planet over the years https://t.co/Xih1V3wszv,racism,anger,2022-11-19 23:19:42+00:00,51.5073359,-0.12765
Men fail to find the clitoris https://t.co/6ZRpOIDFWC,sexism,anticipation,2022-11-20 00:52:49+00:00,51.4920377,-0.2236401
@RobinClaxton1 Unless youre a woman ,sexism,joy,2022-11-20 12:26:26+00:00,51.542519299999995,-0.44833493117949663
Silly Cunt dropping woman an kids needs putting down https://t.co/6EsoqwRZLl,sexism,joy,2022-11-20 13:11:24+00:00,51.4952111,-0.1163354
"@sotiridi FairPlay, well done mothers. Do not get your dick out in front of young girls end of.",sexism,anger,2022-11-20 17:03:06+00:00,51.4613531,-0.3032767
Some Twat pretends to shred 10k and everybody goes mentallife goes on,sexism,anger,2022-11-20 23:52:02+00:00,51.4920377,-0.2236401
@AKasingye Stop being sexist,sexism,anger,2022-11-21 03:01:42+00:00,51.542519299999995,-0.44833493117949663
@BBC just told the world F#%K The Muslims .,religion,anger,2022-11-21 09:59:11+00:00,51.4920377,-0.2236401
"@AshwiniSahaya @drnarottammisra @OfficeofSSC @jihadwatchRS @geertwilderspvv @Martina @UNHumanRights @UNinIndia @narendramodi @cnnbrk @nypost Muslims r good at it. They murdered my younger brother, a Hindu, a teacher in a ghastly way n disposed d body to destroy all evidence but could not fully wash d blood.Hindus must beware Muslims. My brothers murderers were his  friends If u trust a Muslim think twice about it.",religion,fear,2022-11-21 10:02:03+00:00,51.5073359,-0.12765
@fabricebrt @RhonaHarker @emilyEBbrooks We cant walk around all wet. Women get urinary infection very easily we need to dry it,sexism,disgust,2022-11-21 12:02:54+00:00,51.5073359,-0.12765
"As a man, why have u got a basket inda supermarket Juggle datt shit in ur hands",sexism,anger,2022-11-21 12:52:42+00:00,51.4745706,-0.0925416
"Men,....the top knot is never acceptable under any circumstances.n#topknot",sexism,anger,2022-11-21 19:22:24+00:00,51.4028046,0.0148142
@Jo_Livingstone Massive dyke energy,sexual_orientation,joy,2022-11-21 21:54:12+00:00,51.4952111,-0.1163354
@Bartron50001 @IrexitFreedom The intention of their religion is to take over the western world.. They hate infidels and their religion preaches this People might laugh at this now.. but its already happening,religion,anger,2022-11-22 02:18:04+00:00,51.4570271,-0.1932607
@McconnellEryn seriously wtf is wrong with people men. Its embarrassing.,sexism,anger,2022-11-22 08:08:58+00:00,51.4028046,0.0148142
"being a man seems easy, all you gotta do is lie amp get haircuts.",sexism,optimism,2022-11-22 11:47:47+00:00,51.4920377,-0.2236401
"Or excuse #AmberHeards abuse against #JohnnyDepp with pseudo, divisive #radical #Feminism ideology. https://t.co/HTL2vkxrdJ",sexism,anger,2022-11-22 12:07:11+00:00,51.5384287,-0.0999051
"Everybody it seems, im talking some believers, tip toe around unbelievers, many if whom are unbelievabley wicked, because they afraid of offending them. Furthermore when these same heathens desire to KILL the people of God and their children we allow them to spout their vermin",religion,anger,2022-11-22 14:07:31+00:00,51.5760462,0.1822646
@itsnickcharles Girl. No.,sexism,anticipation,2022-11-22 14:07:54+00:00,51.4952111,-0.1163354
@Richmondpoku65 @quame_age @Sani__UtD @BlackBoyFlyy_ @MTwumz_ Go and play with the girls . We the men are talking about football ,sexism,joy,2022-11-22 15:32:41+00:00,51.542519299999995,-0.44833493117949663
Female commentator. Strangley no alternative commentary available. Have switched off. #GetWokeGoBroke #BBCWorldCup,sexism,anger,2022-11-22 15:59:23+00:00,51.5154795,-0.175365
@CrownOnMyFrown @PankhurstEM @Tampax @phluidproject In the old days it used to be men advertising cleaning products to women.  Men never cleaned even a tiny bit then.nNow it is AGP men advertising period products to girls as young as 10.,sexism,disgust,2022-11-22 16:13:44+00:00,51.5423045,-0.1395604
"@jerrysaltz Speaking scientifically, XY chromosomes are less stable than XX because in females the X chromosome has a backup. One might therefore expect male art to be crazier than female art.",sexism,anticipation,2022-11-22 17:05:05+00:00,51.5423045,-0.1395604
"@CriticalCupcake Genuinely dont believe theres a single part of my body Id want to embiggen, perhaps eyes bloody FaceApp but been told face is quite feminine already. As for emsmallen, feet maybe but first on list, the Buddha belly Got called portly by certain GC Times hack. ",sexism,anger,2022-11-22 17:35:23+00:00,51.4745706,-0.0925416
@HavingChips4Tea Fucking useless cts on RB,sexism,anger,2022-11-22 19:14:00+00:00,51.4920377,-0.2236401
@THEJamesWhale Religion the scourge of the world.,religion,anger,2022-11-22 20:26:53+00:00,51.5760462,0.1822646
@Fact As did Nikola Tesla...nWomen are the great thieves of Mans energy...nThe sooner we realize this the sooner we can move on....nLet women fend for them selves,sexism,optimism,2022-11-22 21:16:55+00:00,51.5432402,-0.0493621
@philipvictory13 Well thats if the lady puts pressure on you though,sexism,anticipation,2022-11-22 22:32:36+00:00,51.5760462,0.1822646
@TamsinLisa @helenstaniland @glosswitch @Heather_Pymar Could be also be wanting to get in a womans prison after conviction,sexism,disgust,2022-11-23 08:55:14+00:00,51.5423045,-0.1395604
Weather as cold as a womans heart.,sexism,sadness,2022-11-23 09:15:14+00:00,51.4570271,-0.1932607
@Femi_Sorry Another Femi flop,sexism,disgust,2022-11-23 13:34:37+00:00,51.5110713,-0.0144629
@SonofWudan Normally den dey always cap especially if boy break their heart,sexism,sadness,2022-11-23 17:51:45+00:00,51.3713049,-0.101957
@BazProudBrit @BBCNews Embarrassing. Mens footy like Sunday league. https://t.co/r2qMfe0ePV,sexism,anger,2022-11-23 18:19:01+00:00,51.4028046,0.0148142
@xKateHarrisonx  always leave men whilst doing DIY type jobs lol,sexism,joy,2022-11-23 20:15:29+00:00,51.5760462,0.1822646
@JennyTaft I will take a female only line any day,sexism,anticipation,2022-11-23 23:49:53+00:00,51.5154795,-0.175365
Men are disgusting https://t.co/eSQZEYVBkm,sexism,anger,2022-11-24 00:55:05+00:00,51.4745706,-0.0925416
"Because the whites create divide. You think anyone has forgotten when they missed the penalties The backlash they received So if theyre going to get pinned for the losses, then they should take the glory #fuckoffwhitey https://t.co/6yubxYKYcB",racism,anger,2022-11-24 09:41:20+00:00,51.5384287,-0.0999051
@JaneDunnAuthor @HistoriaHWA @cathokin Every girl needs one ,sexism,joy,2022-11-24 15:13:51+00:00,51.4613531,-0.3032767
@AvonandsomerRob No - its awful - and ever woman I know who watches football says the same,sexism,anger,2022-11-24 15:20:53+00:00,51.5760462,0.1822646
Pro tip: dont fall for a man in Movember. You need to wait until December 1st to sign those adoption papers.,sexism,anticipation,2022-11-24 16:25:24+00:00,51.4952111,-0.1163354
@LeeBrookePearc3 The photo alone is enough to give a girl a yeast infection.,sexism,disgust,2022-11-24 17:26:38+00:00,51.5432402,-0.0493621
OR that women shouldnt want sex because its not ladylike.,sexism,anger,2022-11-24 19:38:57+00:00,51.4570271,-0.1932607
@simonharris_mbd When watching the said male player in the mens world cup scoring a goal in the 5th mens world cup surely to god you dont have to mention a lady done it before,sexism,joy,2022-11-24 20:57:12+00:00,51.65309,-0.2002261
"A woman needs to make her mans  hard, not his life. So he will make her  wet, not her eyes.",sexism,anticipation,2022-11-24 23:31:10+00:00,51.5073359,-0.12765
"A shower of gross, moronic, and poorly dressed aresholes. Never liked any of them and now I feel vindicated. They murder gays in Chechnya. Pillocks. https://t.co/R9cbCCP3vW",religion,anger,2022-11-25 08:58:10+00:00,51.4952111,-0.1163354
First male player. https://t.co/DZNmdonlJp,sexism,anticipation,2022-11-25 09:12:05+00:00,51.542519299999995,-0.44833493117949663
@FloozieBiscuit @maybesainsburys fatties are awfully difficult to kill.,sexism,fear,2022-11-25 11:53:30+00:00,51.4570271,-0.1932607
 men are so weird.,sexism,anger,2022-11-25 12:28:56+00:00,51.3713049,-0.101957
Men are so fucking weird,sexism,anger,2022-11-25 15:18:37+00:00,51.5110713,-0.0144629
Creepy bastards who raised you,racism,anger,2022-11-25 15:21:17+00:00,51.5110713,-0.0144629
Cunt trying cos they lost https://t.co/0TLLJx49S7,sexism,sadness,2022-11-25 15:36:13+00:00,51.5110713,-0.0144629
Men who can not function without chasing skirts. Bro relax were at the motive please for once just vibe. Your tongue is hanging out and youre scaring the baddies. I promise you can breathe without female attention https://t.co/sMx6HVBYMT,sexism,anger,2022-11-25 16:10:54+00:00,51.65309,-0.2002261
"@zariaarfq Boys are immature, but a MAN is not",sexism,anger,2022-11-25 17:46:00+00:00,51.4570271,-0.1932607
@EssexPR At my work there is a basket of female sanitary products in the male toilets,sexism,anticipation,2022-11-25 18:03:41+00:00,51.5384287,-0.0999051
Fem yutes https://t.co/ggmFBrhJRt,sexism,joy,2022-11-25 18:23:42+00:00,51.5432402,-0.0493621
Fuck these stinking fat yanks,racism,anger,2022-11-25 18:37:19+00:00,51.4686132,-0.3613471
Good god I hate Americans lets smash them lads,racism,anger,2022-11-25 18:48:00+00:00,51.4952111,-0.1163354
@GrahamPotgieter @AaronReichler @OnlinePalEng Hasbara - twisted mind of zionists,religion,anger,2022-11-25 20:35:46+00:00,51.542519299999995,-0.44833493117949663
@neilgibbons Covid amp putin get the blame for everything ,racism,anger,2022-11-25 22:26:09+00:00,51.4952111,-0.1163354
I think women hate it when theres too much peace in a relationship . @ZambiaMen https://t.co/eYUihfpHR8,sexism,sadness,2022-11-26 05:18:13+00:00,51.5073359,-0.12765
Ugly girls fuck better,sexism,anger,2022-11-26 05:18:18+00:00,51.3713049,-0.101957
@KatyMontgomerie @PaulEmbery He probably lost it when The Doctor regenerated into a woman.,sexism,anticipation,2022-11-26 07:36:49+00:00,51.65309,-0.2002261
"@SimonBruni @PaulEmbery Or pantomime dames being played by men, and Prince Charming played by a girl",sexism,joy,2022-11-26 07:40:09+00:00,51.65309,-0.2002261
Why you dont make deals with the CCP. https://t.co/baMZ4XRXAC,racism,disgust,2022-11-26 12:18:10+00:00,51.5073359,-0.12765
@jordanbpeterson Evil wicked people. https://t.co/apnII1Z0M4,religion,anger,2022-11-26 13:14:31+00:00,51.4745706,-0.0925416
@BigIssue Wtf about men.,sexism,anger,2022-11-26 14:13:25+00:00,51.4613531,-0.3032767
@TheChineseGovt why is China using antiquated ideas to control a virus. Do they not know viruses cannot be controlled the more you try the worse they get. Lockdwns masks were all used in the plague in 17C it didnt work then or now. Ppl need to be outside.,racism,anger,2022-11-26 16:44:11+00:00,51.65309,-0.2002261
Festive faggotry https://t.co/x9tEkxKfYZ,sexual_orientation,anger,2022-11-26 17:00:16+00:00,51.5760462,0.1822646
@TheWantonWench Twat,sexism,anger,2022-11-26 17:56:14+00:00,51.4745706,-0.0925416
This lady told me its nice when boys know how to cook.,sexism,joy,2022-11-26 19:33:32+00:00,51.5110713,-0.0144629
China COVID Lockdowns again As Friendly CCP  Chinese Thuggee Real Cops 2022 move to next riot.. https://t.co/jgHc7sHuHj,racism,anger,2022-11-26 20:24:01+00:00,51.5423045,-0.1395604
A boy in a gilet is the biggest ick in the world,sexism,anger,2022-11-26 20:55:17+00:00,51.5432402,-0.0493621
Would love to find a girl with a Lush tucked up pussy to collaborate with  ,sexism,joy,2022-11-26 22:45:22+00:00,51.3713049,-0.101957
Mal might be the illest nigga of all time,racism,sadness,2022-11-27 01:16:46+00:00,51.4624292,-0.0101787
Oh fuck off china. What raw bats have you been eating now Gonna fuck us all over again https://t.co/VcmauDL1oY,racism,anger,2022-11-27 06:32:17+00:00,51.65309,-0.2002261
Make sure this goes wide and far. The Chinese gov does not want the world knowing that their people do not agree with their heinous policies. https://t.co/q2fMJLk1Y6,racism,anger,2022-11-27 13:51:28+00:00,51.4952111,-0.1163354
@POTUS shocking another execution when is this barbarry going to end. An eye for an eye is not even Christian its Jewish. The murders killed a man like them but hid behind the Courts. Cowards.,religion,anger,2022-11-27 16:28:30+00:00,51.65309,-0.2002261
@iam__bryan Women get conference. Maybe after,sexism,anticipation,2022-11-27 19:43:49+00:00,51.3713049,-0.101957
Disgusting CCP thugs arresting a British journalist must have consequences.nnImagine Beijings reaction if we arrest a Chinese hack in London.nnThe problem is China has the backing of the global elite. Too much influence around the world. https://t.co/v2zsXrbuzP,racism,anger,2022-11-27 20:59:02+00:00,51.5073359,-0.12765
"@petertherin4 @LesDennis Yes, lets vote the Chinese govt out. Not the govt that was responsible for moving far too slowly at every turn and wasted BILLIONS of s unnecessarily on useless schemes and gifts to close friends who had zero experience or knowledge. How about those facts",racism,anger,2022-11-27 22:00:35+00:00,51.4028046,0.0148142
Boyyy DR wanna denounce their Black roots so bad. It doesnt change the fact that you are also descendants of Africa. This is madness. I will not be spending another dime to travel back to DR. https://t.co/4H7woVddqd,racism,anger,2022-11-28 00:31:14+00:00,51.542519299999995,-0.44833493117949663
@Philosophierol1 stupid,disability,anger,2022-11-28 06:57:21+00:00,51.4686132,-0.3613471
@China2ASEAN What about human beings What about your citizens What about #cats amp #dogs What about the #Christians amp #Catholics What about #Uyghursn#China has committed crimes against humanity We RESIST the Xi #CCPvirus GLOBALLY until #China frees ALL #Uyghurs #nSHAME ON YOU https://t.co/b419twEwAU,racism,anger,2022-11-28 07:42:35+00:00,51.5156177,-0.0919983
"Nice girl, worthy winner but please stop bigging up the wimmins football as if its top level sport #GMB",sexism,anger,2022-11-28 08:25:20+00:00,51.5154795,-0.175365
I hate MEN,sexism,anger,2022-11-28 08:29:17+00:00,51.4952111,-0.1163354
@B_ryanw @Telegraph Keep your ridiculous religion out of schools ,religion,anger,2022-11-28 09:53:27+00:00,51.5110713,-0.0144629
@idvck @LukeDyks Also the reasons a larger number of people in China may die if Zero COVID ends are all the fault of the government there.nn1. Less effective Chinese vaccines often usedn2. Vaccine scepticism among older Chinese being very highn3. Very low number of ICU beds per capita,racism,disgust,2022-11-28 10:29:00+00:00,51.65309,-0.2002261
@catherinerowett How dare the Chinese arrest journalists What kind of country is it https://t.co/OXjZ1hXG6g,racism,anger,2022-11-28 10:49:30+00:00,51.5073359,-0.12765
"@SjBarrister @C_M_Kelly @HanoverHussy No, tired of anti feminists re-inventing themselves.",sexism,anger,2022-11-28 11:58:27+00:00,51.4624292,-0.0101787
@HarrietSergeant Youre right about the reminder re vaccines but there is no chance that Chinese despot is going anywhere. Hell mow his people down before he allows his demise to happen.,racism,sadness,2022-11-28 12:23:48+00:00,51.4028046,0.0148142
@BrandonStraka Simple..girl pissing herself,sexism,anger,2022-11-28 12:26:57+00:00,51.5423045,-0.1395604
Japanese PR is insane man. Do you guys know what these lot did to korea  https://t.co/n4lV4hx6ln,racism,anger,2022-11-28 12:49:09+00:00,51.5156177,-0.0919983
@TheChineseGovt China reportedly editing pics of fans so only showing fans wearing masks. Absolute lounasy. What is wrong with the ppl that run the country. They need to see a psychiatrist,racism,anger,2022-11-28 16:14:29+00:00,51.65309,-0.2002261
Id be a bit self conscious riding a bicycle seeing as their bums stick out. Esp the serious ones.,sexism,disgust,2022-11-28 17:36:42+00:00,51.5073359,-0.12765
Btch so cnty fierce werk it slay mawma tongue pop @raye https://t.co/YKxOJEAfHq,sexism,joy,2022-11-28 19:09:49+00:00,51.5760462,0.1822646
My only wild conspiracy theory take on all this is that if you buy into the not entirely unlikely hypothesis that Covid may have leaked from a Chinese lab you do start to wonder what else they know about it which makes them still treat it so strictly   https://t.co/C9Z9jUXgfH,racism,anticipation,2022-11-28 20:12:33+00:00,51.4624292,-0.0101787
Its an excuse your people to be absolutely vile. Again yall do not live your raps. Also what makes the Abrahamic creation story more factual than any other https://t.co/QettPnMxik,religion,anger,2022-11-29 04:39:49+00:00,51.65309,-0.2002261
@johnpilger @ReubenHerbert1 And you believe everything that has come out from china. Well done fallen for their propaganda,racism,anger,2022-11-29 07:28:50+00:00,51.65309,-0.2002261
No female dms please ,sexism,anger,2022-11-29 08:02:32+00:00,51.4920377,-0.2236401
Twat https://t.co/mV0ATMuXnX,sexism,anger,2022-11-29 09:40:03+00:00,51.4028046,0.0148142
@TheChineseGovt the shocking video of the BBC accredited journalist by the Chinese Regime is appalling. Why do our countries continue to trade with a Communist Party Regime.,racism,anger,2022-11-29 10:26:01+00:00,51.65309,-0.2002261
"Cancel culture Ass nigga, let niggas change https://t.co/mmhPmjY89K",racism,anger,2022-11-29 11:31:57+00:00,51.4686132,-0.3613471
"Not many people are Listening So, China has opted Not to have most of the population Infected with this new... Unknown... Devil Virus... Hence, Zero Covid. We in the West were told one thing and actually exposed by Big Pharma into a global experiment. How dare they  https://t.co/uk1grynJSZ",racism,anger,2022-11-29 14:52:13+00:00,51.4686132,-0.3613471
@MaliaFunknyc More famtech then femtech but  @Happypillar_app,sexism,joy,2022-11-29 16:06:39+00:00,51.542519299999995,-0.44833493117949663
Twat https://t.co/BuKGo7mIUB,sexism,anger,2022-11-29 18:54:41+00:00,51.5154795,-0.175365
May I introduce you to the genocide in China. https://t.co/qfl5KciVvk,racism,disgust,2022-11-29 19:33:17+00:00,51.5073359,-0.12765
I see bitches sell their pussy for money then buy Gucci widdit ,sexism,anger,2022-11-29 20:33:59+00:00,51.5073359,-0.12765
